;Acc;Acc2;Acc_p;Acc_std;Cre_p;Cru_p;Dcc;Dcc_p;FuelR;FuelR_r;FuelR_std;Idle_p;V;V_std;Vm;Vr;id;iteration
0;0.08106094753170179;0.14923151783977437;0.20797111369696303;0.2482119914622845;0.07974488776508967;0.3198663924285525;0.11314650314152483;0.1853188606867375;0.1769526026172658;0.19610878910191648;0.1735543361731353;0.08118631058958092;0.22320426377378694;0.37934945637358214;0.4860160456157299;0.08957518830021216;18.82758620689655;50.0
