;Acc;Acc2;Acc_p;Acc_std;Cre_p;Cru_p;Dcc;Dcc_p;FuelR;FuelR_r;FuelR_std;Idle_p;V;V_std;Vm;Vr;id;iteration
0;0.045192690413543186;0.20270291808457452;0.1622563361614161;0.34242090047679047;0.0922481041185594;0.07064207351330613;0.11844039292822481;0.28395067344119346;0.14660098788239376;0.051337489653380995;0.19858179732846598;0.0824188157912786;0.1200364427291994;0.2164516236339671;0.42893747864707893;0.06870859340978137;375.0;1500.0
